id_Number,case_Number,discharge_Date
19027197604175689,100001,
89956199904295987,100002,
31085195902017748,100003,
61400193712043407,100004,
48769194701084021,100005,
95386201207141234,100006,2020-05-18
65606201212158954,100007,
28568201704153677,100008,2020-05-10
21774193312074365,100009,
58941192305318392,100010,2020-05-15
32498193801276321,100011,
31697196510253103,100012,
60119197712177616,100013,2020-05-28
78024200709245070,100014,2020-05-13
68667196901212660,100015,
91537194405312831,100016,
74997194209167369,100017,2020-05-26
52042197810012139,100018,
50406198805288738,100019,2020-05-07
42398196406062396,100020,2020-05-24
67198197712059432,100021,
77282196207094190,100022,2020-05-24
16881201706114528,100023,2020-05-23
15988199507099861,100024,
24511201409104691,100025,
33431194704168739,100026,
45775200311174539,100027,2020-05-18
23399192409042197,100028,2020-05-28
95153201905304967,100029,2020-05-26
16823197607272812,100030,
13395194802243091,100031,2020-05-12
59758193203202958,100032,
30796197211268172,100033,
94822197908186398,100034,2020-05-30
31053198603292825,100035,
33205193512195988,100036,
26664196307162576,100037,2020-05-18
39976195005136711,100038,
97983193202234613,100039,2020-06-01
12273195404179162,100040,2020-05-20
23477201408261654,100041,2020-06-03
89261193411066141,100042,
60317197011267620,100043,2020-05-18
55550201201291959,100044,2020-05-11
90869194303238506,100045,
29067195507122531,100046,
50296197408285027,100047,
47768200211236697,100048,
46270199404222747,100049,
11580201502199878,100050,
10626198110263659,100051,
64683201002275425,100052,
47246197706301920,100053,
11713200202266546,100054,2020-05-26
33510192411243484,100055,2020-05-27
79217193402282975,100056,2020-05-13
63676201611046012,100057,2020-05-29
41482198209179643,100058,
93761195805204554,100059,
64947201001289602,100060,
52257200609165150,100061,
62298196302145511,100062,
24878195008244119,100063,2020-05-28
87330196205303851,100064,
38299195901248198,100065,
12078198703211153,100066,
82694201909122722,100067,
20922200610218162,100068,2020-06-03
98883194905188921,100069,
77701201205038579,100070,2020-05-27
57114196208193346,100071,2020-06-06
12061196402107650,100072,2020-05-21
21970200801024221,100073,2020-05-25
70041192008064946,100074,
36005196108164380,100075,
52429193004245933,100076,
63676200809244967,100077,
62458199710202318,100078,2020-06-04
66761201312282898,100079,
77326198506035010,100080,
66756197911027496,100081,
80548201405187527,100082,2020-05-20
52467199804023664,100083,
78796194203251066,100084,2020-05-17
34597196312118484,100085,
42673200703236269,100086,
50232192804111592,100087,2020-06-01
98272199108135796,100088,2020-05-23
84433196705219694,100089,2020-06-05
58246197709035611,100090,
92360195611167604,100091,
56449194302054088,100092,
91225201710102818,100093,
18250200012175381,100094,
77484200807141757,100095,2020-05-27
98238196110111462,100096,2020-06-02
90317193603082653,100097,
21010200306038911,100098,
39764200210067248,100099,
50695194907244650,100100,2020-05-17
87037194911269899,100101,
98555200904087537,100102,2020-06-03
95565194102234007,100103,2020-06-05
48644199902059426,100104,2020-06-08
95433200101119482,100105,
83345202003213152,100106,2020-05-29
63263200210039486,100107,
46072200604302858,100108,
17289192307078056,100109,
58805198903127789,100110,2020-05-26
12564194509056165,100111,2020-06-07
34372196910129644,100112,
38740198509294536,100113,
86379196704308467,100114,
15084201805293783,100115,
20068193011296442,100116,
99770194309254549,100117,2020-05-18
83459198308266617,100118,2020-05-24
40899201411086032,100119,2020-06-07
46052194810223054,100120,
65093193910202548,100121,2020-05-22
88807195502015084,100122,2020-06-01
80887198403261910,100123,
98541192203152901,100124,2020-06-08
22319197310109340,100125,
57846198312018639,100126,
41121196202071549,100127,
68776198901291883,100128,2020-05-23
37130195010048023,100129,
28303195502056022,100130,2020-06-02
48087198106043803,100131,
88732199006019849,100132,
55958201306298402,100133,2020-06-04
32603197703241348,100134,
96137200412176849,100135,2020-05-31
36454201401308496,100136,
86498193803141740,100137,
28668192406275356,100138,
52818195009033681,100139,2020-06-07
79006199801213447,100140,2020-06-05
86699194310248768,100141,
73197200708115556,100142,
14018194903298767,100143,2020-05-29
86095193602133194,100144,2020-05-29
67417196503053109,100145,2020-05-27
19122197004288990,100146,
28802196312195783,100147,
76013194009219980,100148,2020-05-26
71275201810268288,100149,
63582196104244920,100150,2020-05-28
77176198103075303,100151,
85706193806214277,100152,
39927199503271590,100153,2020-05-20
78651199409125176,100154,
82203201612127844,100155,
11612197704205851,100156,2020-06-06
48723196812164492,100157,
35137201612176166,100158,
22971193605209226,100159,
78022193401244247,100160,
64821197210166735,100161,
80707197403258158,100162,2020-05-28
69324195411105462,100163,
64417195312054255,100164,2020-05-29
20255195712236718,100165,2020-06-03
55164193804207445,100166,
74327196002114487,100167,2020-06-05
10687197812108964,100168,2020-05-28
53173194912052468,100169,2020-06-14
59606199211227981,100170,2020-06-15
40695193111034317,100171,
98559201508297075,100172,
83585198607297616,100173,
16731199107158780,100174,
37615198612241606,100175,
57750197403125350,100176,
48937201808225352,100177,2020-06-07
83298197709177936,100178,
86971201311073608,100179,
90811198508075349,100180,
25859200907216633,100181,2020-05-30
90624199810256491,100182,2020-06-13
72240201008118529,100183,2020-05-23
41203201911204810,100184,2020-06-02
63133198612079091,100185,2020-06-04
71401193504046655,100186,
44778200901033915,100187,2020-05-24
33800199002038409,100188,
63035197707148994,100189,2020-06-05
95971194511273353,100190,2020-06-11
60739197604058348,100191,
33774200911288645,100192,2020-06-15
93981192305268832,100193,
79730199102129430,100194,
33771197703266564,100195,
80341194207277226,100196,
61599200012175451,100197,
75535193912113738,100198,
39646198609073657,100199,
92525198112077514,100200,
46471195209236661,100201,
14237193812106259,100202,2020-05-29
63482195902264446,100203,
65388196910141747,100204,2020-06-05
36651196004034455,100205,2020-06-04
67083195403064710,100206,
22869198405053665,100207,
41535196205308717,100208,2020-06-07
17106196608153350,100209,2020-05-31
13028201902221084,100210,
61195197009134140,100211,2020-06-10
71427196202134471,100212,2020-05-26
16581198010193671,100213,
10861199202067385,100214,2020-06-01
41650200201301478,100215,
28932196909259616,100216,
18315194810209126,100217,
81660195403058674,100218,
48512196703057390,100219,
43462200610157219,100220,2020-06-19
52075195606185869,100221,
84750197911098063,100222,
96266197510046646,100223,2020-05-29
61825201604116865,100224,2020-06-02
26969201704271203,100225,
52041196608065162,100226,
25382201907053726,100227,
79041197606089858,100228,2020-06-08
42635199308305992,100229,2020-06-17
54193198511117144,100230,
80798198111187599,100231,
67274201005114812,100232,
92378195401234467,100233,2020-06-17
46511194808294265,100234,
65289199708122102,100235,
52793195010174494,100236,2020-06-03
63376198012162878,100237,
26830200409241464,100238,
13581200002251577,100239,2020-06-04
94601193707172861,100240,
83252198502265933,100241,2020-06-10
93063197706231288,100242,
13301200601258485,100243,2020-06-15
93280195910298591,100244,
16115195612283415,100245,
63134201502199123,100246,
35891201906285664,100247,
98101194509156101,100248,2020-06-14
62515194909176661,100249,2020-06-22
94620196007084849,100250,
19285200107212465,100251,
63813194911175052,100252,2020-05-29
26695193105049035,100253,2020-06-13
13190200002067122,100254,2020-06-20
80769198312211937,100255,2020-06-19
33890192307216897,100256,2020-06-02
26742200203206878,100257,
13423196012183665,100258,
13999201908084901,100259,2020-06-08
94661195101077179,100260,
13546200208212610,100261,
53587193809011553,100262,2020-06-09
68310198311181881,100263,
21596194807233497,100264,2020-06-03
78007197203193906,100265,
59462200401243050,100266,2020-06-06
39202200603288437,100267,
83714200208041962,100268,2020-06-13
91781199005047761,100269,2020-06-09
42788201302172058,100270,2020-06-18
98392194107193757,100271,
85694197304203675,100272,2020-06-22
70891196712085451,100273,
85671193604234727,100274,
58481200112199626,100275,2020-06-05
84633195102254398,100276,2020-06-26
27532195201212115,100277,2020-06-19
34574199709144530,100278,
83377199601136803,100279,
81334198003156722,100280,2020-06-18
71886196703165053,100281,2020-06-19
43262193503188083,100282,
79644200411206997,100283,
14686193804051983,100284,
56986199711217888,100285,2020-06-04
97511199010041529,100286,
97236198208043092,100287,2020-06-23
37720201812284817,100288,
36813199108271180,100289,
42665197411052831,100290,2020-06-08
57796194708023341,100291,2020-06-21
65690201908123203,100292,
14447200903149106,100293,2020-06-12
91477199410296723,100294,2020-06-22
19742199804165667,100295,2020-06-11
40430194405162584,100296,
39393193504274332,100297,2020-06-08
99967196905304676,100298,2020-06-25
53174195111284576,100299,
78376200109211518,100300,
91046193403033697,100301,2020-06-13
92238195011121174,100302,2020-06-16
50028197301186357,100303,2020-06-05
18822200009054839,100304,
64268193908028044,100305,
26327193208198549,100306,2020-06-14
10773200112032833,100307,2020-06-20
11134193212074892,100308,2020-06-13
35227198701316033,100309,
73867196902268203,100310,
68069195611177867,100311,
69704196707073985,100312,
58016193003295608,100313,2020-06-28
49116198309271548,100314,
32180200911266790,100315,
36643198209208462,100316,
29646198912011925,100317,2020-06-17
97835196411124004,100318,2020-06-29
86274199312269010,100319,
87651201101135701,100320,2020-06-15
20907197707268967,100321,
59849195405191220,100322,
94668194411246512,100323,
44669196303064192,100324,
95763199104287263,100325,2020-06-20
47337200209056974,100326,2020-06-14
30382192112261319,100327,2020-06-14
48015197304185468,100328,
41691194207132863,100329,2020-06-07
97370200501317924,100330,2020-06-11
64329201107188559,100331,
83004199105304496,100332,2020-06-29
72450194302176251,100333,
83082201204068467,100334,2020-06-19
12775200201073239,100335,2020-06-22
65155194306149221,100336,
56451193803293386,100337,2020-06-17
26442196812043327,100338,2020-06-09
85031195108029340,100339,2020-06-16
53129199203292051,100340,
18941201405287271,100341,2020-06-10
53040201903247348,100342,2020-06-21
57215196202257378,100343,
72870201905237038,100344,
94974199006107310,100345,2020-06-12
59735201203105310,100346,2020-06-17
67524197512147388,100347,
60934194006246909,100348,
58012200603279820,100349,
24645199107198610,100350,
22752197508071355,100351,
17689194708209802,100352,
48016200105197647,100353,2020-06-27
59009196507114776,100354,2020-06-20
83907200203162709,100355,2020-06-30
69817200109282502,100356,2020-07-01
33482200005304101,100357,
26691199502042969,100358,2020-07-04
64493201607095051,100359,2020-06-28
39927195007116510,100360,
76917195907137798,100361,
79128195708161678,100362,2020-06-12
14342198201092884,100363,2020-06-16
14574194605298703,100364,2020-06-30
25267196303299475,100365,
24802194307242962,100366,2020-07-04
27885196102086804,100367,
71836200909091812,100368,
80136197803288061,100369,2020-06-27
58290198908038905,100370,
95278201707045242,100371,2020-06-12
46609201110219831,100372,
57829199910075788,100373,
87796195501123486,100374,
90234197412118324,100375,
38492201012271620,100376,
31972200604086025,100377,2020-06-17
78591197608261441,100378,2020-07-02
41650194612223054,100379,
56133193012188765,100380,2020-06-19
66534194602227706,100381,2020-06-24
39411201712217459,100382,2020-07-06
63845198404025259,100383,2020-07-01
28234197306052285,100384,
73934194801199837,100385,2020-06-13
89909193910297515,100386,
11733194204048448,100387,
65566200304193788,100388,
89368200407178067,100389,
60174192310128679,100390,2020-06-12
73747194412248296,100391,2020-06-22
66816202010295883,100392,2020-06-13
14077201808197734,100393,2020-06-30
25541200411233650,100394,2020-06-18
67559198706155663,100395,2020-07-04
32544193805136477,100396,
82822200904126418,100397,2020-06-17
44066196007203782,100398,2020-06-25
69029196004143211,100399,
10088200011174352,100400,
99114195612175918,100401,
39060197404088261,100402,2020-06-25
39329198705219556,100403,2020-06-27
35164198911047843,100404,
16808194908214291,100405,
70290199212018321,100406,2020-06-15
88584196208159289,100407,2020-06-29
68068200006083386,100408,2020-06-21
83523198302149640,100409,
28127201201067932,100410,2020-06-30
85522201501123801,100411,2020-06-15
17713194905278797,100412,2020-07-02
19394199204153031,100413,2020-06-28
43518200103261637,100414,2020-06-25
18259198907241968,100415,
88630201803131440,100416,
14150195705077260,100417,2020-07-08
80616193409114080,100418,2020-07-02
73798193911193814,100419,
47121198905094006,100420,2020-06-28
99474201408034776,100421,
53295201901263390,100422,2020-06-27
39288192511291508,100423,2020-06-26
83960195904288037,100424,2020-06-29
31686193001118445,100425,2020-07-02
83177193503293987,100426,2020-06-25
22551200104073513,100427,2020-07-03
98186193107209722,100428,2020-06-19
82717197709052379,100429,2020-07-06
58844199309092388,100430,
90405200906281479,100431,2020-06-28
72448198004119964,100432,2020-07-10
62877193708316818,100433,
79177194503107569,100434,
89971199903288242,100435,2020-07-10
51830195203236922,100436,2020-06-24
91376193101084593,100437,2020-06-23
85368198706075537,100438,
63294199712043006,100439,
57196200806145192,100440,2020-07-09
18039201802085007,100441,2020-07-03
47900194304126967,100442,2020-06-19
63540195408257921,100443,2020-06-22
41356196306048686,100444,2020-06-18
75755198207032886,100445,
89451194312073794,100446,2020-06-18
44068195304299786,100447,2020-06-25
20797201610194164,100448,
66581195801082828,100449,
19193194004289519,100450,2020-07-09
46860197204149597,100451,
60225196707281091,100452,2020-06-24
33988193710065966,100453,
94290195105217388,100454,2020-07-11
11196199009195050,100455,2020-07-03
13204201905066230,100456,
45050198501263183,100457,2020-07-01
72741196603173651,100458,
93123196603118178,100459,2020-07-01
69736198811281324,100460,
98536195912026976,100461,2020-06-24
60643194901103391,100462,2020-07-14
20480200905112706,100463,2020-06-28
99669199511139479,100464,
52526196205248607,100465,
69751200206169099,100466,2020-06-29
93298201012093578,100467,2020-07-08
41928194709087103,100468,2020-07-01
71766194612225207,100469,
93398195105315155,100470,
88399198711105864,100471,
20828194610158314,100472,2020-07-07
13535201605226413,100473,
25480193902201709,100474,
29502193510286985,100475,
85263196002128975,100476,
93898198310055181,100477,2020-07-06
98583196108244185,100478,
40363194803104729,100479,
48718196910234277,100480,
59021199111287324,100481,
36021196601278808,100482,2020-07-05
47062198506035543,100483,
53874193010026259,100484,
39721195907248439,100485,
81976193308314971,100486,
63809199909273697,100487,2020-07-01
64350192408246889,100488,2020-06-24
42606201609194981,100489,
25131201209276838,100490,
73061199302029613,100491,
74330195209013486,100492,
54530194005221536,100493,2020-07-07
94374192607163036,100494,2020-07-17
87379201712214146,100495,2020-07-02
77757199809301781,100496,
61763201708114961,100497,2020-07-13
40644195411085462,100498,2020-06-24
66344195310269518,100499,2020-07-13
84394193009153725,100500,2020-06-29
88755201203099014,100501,2020-06-25
79886198808141259,100502,2020-06-28
74063196404111470,100503,
58357193402137487,100504,2020-07-11
68026200010173647,100505,2020-07-12
25898196703049396,100506,
86498200406019809,100507,
60620199704134260,100508,2020-06-27
66692198501132630,100509,
61915196402083950,100510,
40351198801162160,100511,2020-06-26
36866199805224906,100512,2020-07-14
31334196706192745,100513,2020-06-27
69680198202281936,100514,2020-07-13
27932201203037528,100515,
17679196210264441,100516,2020-06-26
27576199705069096,100517,
66157197405297399,100518,
27444194406286401,100519,
32842193403286421,100520,
26769198706112896,100521,2020-07-14
59485200810032894,100522,
85605198511222625,100523,
25251193107133628,100524,
52292199011095723,100525,
44611199707307594,100526,2020-06-26
24019193304034837,100527,
61065197801315908,100528,2020-07-17
97499202005284645,100529,2020-06-29
73266197901213436,100530,2020-07-06
23933194408042324,100531,2020-06-28
47609196804018632,100532,2020-07-21
36127197804081735,100533,2020-07-13
22142194307114755,100534,2020-06-27
44294197601157108,100535,
79365195806267812,100536,
37645196108279871,100537,
39310195812168614,100538,
41670198510248084,100539,2020-06-30
15296194103304240,100540,
12100197409302379,100541,
83738198206095737,100542,2020-07-07
56319201212169888,100543,
49606200103134575,100544,2020-07-18
82212195301038076,100545,2020-07-04
58051201007178193,100546,
74420196306127890,100547,2020-07-18
27045195703142341,100548,
37111201312099859,100549,2020-07-09
70433199911088336,100550,2020-07-09
76199195010059293,100551,2020-07-10
27552196103278066,100552,
16735197811299562,100553,2020-06-29
23854200906279749,100554,
17619201610131443,100555,2020-07-08
61814195508118846,100556,
31888197101153136,100557,
83253195904103517,100558,
28733198710236053,100559,
40141200710273008,100560,
47100199308094902,100561,2020-07-12
22274194210042159,100562,
28990197304283688,100563,2020-07-12
73875195706124986,100564,
24170198404135497,100565,
89000196112145567,100566,2020-07-23
37817193810295634,100567,
56316196412056784,100568,2020-07-12
30519197809232130,100569,
24945194906114437,100570,2020-07-14
82589192505089170,100571,2020-07-07
93172196102071093,100572,2020-07-05
31456193112304507,100573,
25019199109101185,100574,
39309199203075980,100575,2020-07-24
91639195801195805,100576,
31745193201064339,100577,2020-07-02
86457201311024945,100578,
19149200003065405,100579,2020-07-04
28951197810039904,100580,2020-07-23
91112198909144234,100581,2020-07-08
83766192009111004,100582,
41500199607128050,100583,2020-07-21
69735201110211718,100584,2020-07-02
85579199403238425,100585,2020-07-12
33129196207104772,100586,2020-07-25
26268193408162855,100587,
47756197208183118,100588,2020-07-07
89123199404274625,100589,2020-07-20
17838201505078629,100590,
89146198011011953,100591,
64606194312211868,100592,
88788195009077374,100593,2020-07-19
63620193003156704,100594,2020-07-16
76713200802279841,100595,2020-07-25
43856198210035419,100596,
59970201906249674,100597,2020-07-23
77370194604088952,100598,
39673193708193808,100599,
18928201512191861,100600,2020-07-15
97331196608311649,100601,2020-07-02
34774199306252489,100602,2020-07-13
51668201003198364,100603,
95768199209121610,100604,2020-07-18
68690201310265331,100605,2020-07-26
22987195306106296,100606,
38519192003247214,100607,2020-07-09
54333201411211970,100608,
68585199205049994,100609,
88974195303012267,100610,
37984201106116343,100611,
75443201806275109,100612,2020-07-04
79035194003297095,100613,
68622194308128292,100614,2020-07-27
46265197404107928,100615,
64976199504147427,100616,
67331194209158096,100617,
65375193408026764,100618,2020-07-13
17916201905214430,100619,2020-07-25
97916200409107359,100620,
30246193511085869,100621,2020-07-25
25187201411021031,100622,
22177196411029992,100623,
33315193904081261,100624,
44606201112105624,100625,
71669198702061256,100626,
68859193906162848,100627,2020-07-10
77122198501247639,100628,2020-07-29
50316197608181289,100629,
95013195701063274,100630,2020-07-12
97673196701098507,100631,
20506192101105819,100632,2020-07-10
56760193006306631,100633,
65388195102063321,100634,2020-07-29
46934200408068500,100635,
84755201112277881,100636,2020-07-16
75953194503224994,100637,
57816196208143619,100638,2020-07-16
58654194304175082,100639,2020-07-16
25470195807272822,100640,
42913199602031172,100641,2020-07-29
53951200804145592,100642,
56384196211101460,100643,
25387201901258073,100644,
86904200910028381,100645,
39688200303179797,100646,2020-07-28
86823197504214714,100647,
51792199705149113,100648,2020-07-25
75510196911238623,100649,2020-07-17
33631196107072797,100650,2020-07-25
87723192806281587,100651,
40420200408014830,100652,
70630192003056141,100653,
58436194904115957,100654,
11150200911074645,100655,
76165197508309640,100656,
28258192901125017,100657,
37390196201023047,100658,
35242193811038570,100659,2020-07-17
82964201407061804,100660,
67195196012159301,100661,2020-07-09
99409198603206197,100662,
46421199007192972,100663,2020-07-15
64195196711256632,100664,2020-07-31
53250194010081772,100665,
60153197601286987,100666,
13542201605295528,100667,
93496199701097062,100668,
35795201107092439,100669,
65478197802124933,100670,2020-07-23
32823195107059512,100671,2020-07-27
81541194302118884,100672,
98633194810142384,100673,2020-07-29
84453195909213743,100674,
93356195103137076,100675,
28038196210055687,100676,
86423193401289510,100677,
94614199110053095,100678,
81481197207019210,100679,
30927193901062679,100680,
90567195105033160,100681,2020-07-28
89039192604182682,100682,2020-07-23
50961196504203775,100683,
98129196206268621,100684,
64583193511045376,100685,
66792197102049603,100686,
16201194811026811,100687,
84550200404172702,100688,
29926194201039339,100689,
82456200411043743,100690,
58264199006177514,100691,
88481198702241966,100692,
90190193903083338,100693,2020-07-29
64361193406285987,100694,2020-07-17
46829195001029131,100695,
66837195206248858,100696,2020-08-01
95839200610112249,100697,
75482197709239918,100698,
98455193804162926,100699,
95285194705232546,100700,
91857196703201258,100701,
72782200209124455,100702,
56453201803189344,100703,2020-07-27
71671198611239425,100704,2020-08-01
75348200410145025,100705,2020-07-14
54847202010167313,100706,2020-07-16
35754197610051555,100707,
53031200104258925,100708,2020-07-21
85514197203142459,100709,2020-07-28
85235198712296218,100710,
76141195601193547,100711,
95269200512235493,100712,2020-07-23
17043200610215324,100713,
23261193306204653,100714,
63438199708293815,100715,
46656193211172692,100716,2020-08-01
87940200811042843,100717,2020-07-25
25821195212043992,100718,2020-07-22
54424201303079912,100719,2020-07-24
90225195007049895,100720,2020-08-04
26762197808197455,100721,2020-08-05
32579196704178703,100722,
31148192107232616,100723,
84294197510304354,100724,
69403199204077272,100725,2020-08-07
66922194209259066,100726,2020-07-26
64144199408126280,100727,2020-08-08
83014195910134073,100728,
21763194011111596,100729,
31091198412085380,100730,
93182196504012229,100731,2020-07-19
78312196805062292,100732,
93951196810183228,100733,2020-08-01
83671196406119879,100734,2020-07-16
43079196310119196,100735,
18839193611267318,100736,2020-07-25
56636195703108724,100737,2020-08-05
43291197506234919,100738,
25008195710053364,100739,2020-07-31
65030195701086340,100740,
50341197611072976,100741,
19953194811187550,100742,2020-07-27
62585194304247120,100743,
38439195005178297,100744,
92147193102271418,100745,2020-07-24
83128193811266792,100746,2020-07-28
48021195608041243,100747,2020-08-02
54593198106061961,100748,2020-08-09
23483196906213459,100749,2020-07-20
64395198409108533,100750,
12541199008148268,100751,2020-07-28
15465198111168811,100752,2020-07-21
10826194512149684,100753,
34600199101134439,100754,
38156197212096617,100755,
25451193702276874,100756,2020-07-27
92019198212045669,100757,2020-07-23
83183193708141943,100758,
55689197501163558,100759,
42319200510237831,100760,
45323201310181987,100761,
82388200312213653,100762,2020-08-10
48525193011101191,100763,
36134197304079245,100764,2020-08-04
14133198010233344,100765,
93926193703031124,100766,
99317192403053539,100767,
60663198401245445,100768,
74870199810144356,100769,2020-07-27
81578194609185468,100770,2020-08-07
59959199509015556,100771,2020-08-11
76038199905171137,100772,2020-07-29
46639201702085367,100773,2020-07-25
77346200006098211,100774,
69740197407116666,100775,2020-08-05
64794194103012062,100776,
61110193208317252,100777,2020-07-24
41036200807219902,100778,2020-08-11
76018199604194137,100779,
62097195609081224,100780,
41673193912175723,100781,2020-08-10
81934196204185620,100782,2020-08-13
56986197312086192,100783,2020-08-13
25693196408213243,100784,
25953194103232590,100785,
82611195809189212,100786,
31200199008308467,100787,2020-08-03
97159200205301325,100788,2020-07-23
89122198510116418,100789,2020-07-29
83942201203276676,100790,2020-08-10
73259198603177678,100791,2020-07-22
55898194001315872,100792,
56865196509017703,100793,
87976202006239066,100794,
99687198109163980,100795,
18326201008011679,100796,
53874193210174746,100797,2020-07-23
46855200611144649,100798,2020-07-30
38430197412215727,100799,2020-07-26
30731199506282176,100800,2020-08-05
78619193504061887,100801,
58019199202164886,100802,
46276194908116006,100803,2020-08-11
86412194511214816,100804,
21114193102024471,100805,
92424201309054277,100806,
98754194408153444,100807,
63950193502212249,100808,
51445196501051086,100809,
24641196103026923,100810,2020-07-29
10305193606133570,100811,
68849198409185076,100812,
63902197306175236,100813,2020-07-27
37157197411245861,100814,
59440201908101040,100815,
56507192605314218,100816,
61468201504284842,100817,
57107197107299252,100818,2020-08-08
43511196007254084,100819,
42551196903053761,100820,2020-07-24
17411196905201227,100821,2020-08-12
63282197605305364,100822,2020-08-14
18439201411148428,100823,
80059195204289399,100824,
60361198708288688,100825,
43529198312144389,100826,
38492195108047318,100827,
73942196701143690,100828,
13717192207289946,100829,
54443195010065673,100830,2020-08-13
88612193904306320,100831,
40828196102242555,100832,2020-08-10
78710193608021448,100833,
94616201007157597,100834,2020-08-16
88327198903166918,100835,2020-08-04
64391192906275487,100836,2020-07-27
94347195702016210,100837,
97666200302192788,100838,2020-07-29
51570201409099722,100839,2020-08-16
77491193608066396,100840,2020-07-31
67781199203052408,100841,
45772198711263524,100842,2020-08-03
69075193902059445,100843,
68472199909299546,100844,
46814193011035851,100845,2020-07-26
57729200712319904,100846,2020-08-10
15953199707079868,100847,
63914199108062143,100848,
87881193304177461,100849,2020-07-30
51284199311294445,100850,
65139194506126542,100851,
34846194709141703,100852,
28436201807046580,100853,
75606195004119347,100854,
69063200304069423,100855,
76714196006067537,100856,
19023198509033169,100857,2020-08-15
33726197807261503,100858,
57458194607076677,100859,2020-08-14
38423193602063103,100860,
72590201401045901,100861,
76474198002164604,100862,2020-08-10
74009192506122990,100863,2020-08-17
82580194002125545,100864,
74314192207291496,100865,2020-08-04
26298193504193607,100866,2020-08-12
55155197305014125,100867,
58397201505186254,100868,
55222194002189275,100869,
81928197911096667,100870,
36716201207033514,100871,2020-07-31
31614198205258771,100872,
42884199803229701,100873,
24818194607085939,100874,2020-07-31
66012194412172177,100875,2020-08-19
76482195210232098,100876,2020-08-01
24683193705104672,100877,
17685201806202729,100878,
27278197301224080,100879,2020-08-17
26299200008191194,100880,
83182194506298991,100881,
93698200706219019,100882,2020-08-01
89539194609033271,100883,2020-08-22
44495201601087334,100884,2020-08-05
44778194801252030,100885,
78477198803317473,100886,2020-08-09
73994194206094428,100887,
98851196608288982,100888,
33946195802181569,100889,
53500192607015547,100890,2020-08-01
78205193003184451,100891,
12751200401213604,100892,2020-08-03
83612201604041560,100893,
66334196312165906,100894,
12636193309063831,100895,
55946195306184164,100896,
23235192002034832,100897,
11433193004279742,100898,2020-08-10
31939195705217462,100899,
12518196008112452,100900,
36768202007232414,100901,2020-08-08
91127197312268702,100902,2020-08-08
10945197005066647,100903,
57277197609138419,100904,2020-08-14
82174201705171907,100905,2020-08-26
87376200008247533,100906,2020-08-23
44375199307212922,100907,2020-08-10
40467199710022034,100908,
82392193304194862,100909,
50497193010285705,100910,
70338196012015965,100911,
38220194806103197,100912,
80779195607124482,100913,
31469200103181667,100914,2020-08-09
47155196007115327,100915,2020-08-19
22464199104182348,100916,
37124201912098566,100917,2020-08-07
92791197311201674,100918,
72341196304103867,100919,2020-08-15
75123199705144664,100920,
74240193209116920,100921,
34419199503127497,100922,
57156201201045055,100923,
32925197807255677,100924,2020-08-21
90048197705303751,100925,
44338199203188236,100926,2020-08-13
86816200108121289,100927,2020-08-14
10824198505293257,100928,
92080195909072660,100929,
86119197202054996,100930,2020-08-06
44712200207276377,100931,2020-08-07
43776199905317870,100932,2020-08-10
11038200208307007,100933,2020-08-15
80064200907277414,100934,2020-08-19
69771199107225821,100935,
38673200306155788,100936,
51242196405289131,100937,
15362199612101904,100938,
39084200312219916,100939,
58092195207052589,100940,
61550201805227690,100941,
78687192207273162,100942,
95173195403127256,100943,
10967199512025583,100944,2020-08-11
63897199305253034,100945,2020-08-10
75961196109222715,100946,
61367193508054975,100947,2020-08-08
24295193002247612,100948,
98053197206067846,100949,
45180197007243743,100950,
34454201508127354,100951,
18424196505221992,100952,
83642199506302049,100953,
20509194811226533,100954,
90316199208212820,100955,2020-08-19
53687192501239239,100956,
20709197601269108,100957,
59793195211051929,100958,2020-08-29
22989197610153244,100959,2020-08-23
39972197508022414,100960,
12959195401232815,100961,
92891194103129463,100962,2020-08-26
75843196405266581,100963,2020-08-31
70829201611014040,100964,2020-08-19
47984197409186731,100965,
56213199507051703,100966,2020-08-16
45839199104108041,100967,2020-08-30
50656200211011453,100968,2020-08-27
80537198805074573,100969,
23655199909299396,100970,2020-08-18
30420194310146570,100971,2020-08-23
90755199411098702,100972,2020-08-24
37599193205257003,100973,
35300201007143210,100974,2020-08-26
34472196905043733,100975,
68752199603074521,100976,2020-08-27
63826196205228597,100977,
59757196805104862,100978,
44652201606048443,100979,
25928194711117816,100980,
72548192708216238,100981,2020-08-14
35299198806137558,100982,2020-08-24
47164201409095779,100983,2020-08-25
97226199801291666,100984,2020-08-15
49093197306147445,100985,2020-08-14
93639198807292856,100986,
62786194301026000,100987,
74837198005187643,100988,
99133192401263729,100989,2020-08-18
20114201312126298,100990,
67660197001223540,100991,
53190195705209837,100992,
91399197004243895,100993,2020-09-04
46586198807057342,100994,
47891200406203817,100995,
15437201807257921,100996,
43332194803146871,100997,
70256195705212763,100998,
20335193506107940,100999,
59820194908211443,101000,
10007199803207225,101001,2020-09-03
26487193611026594,101002,
75502195206286615,101003,2020-08-23
12805195803114192,101004,2020-08-13
99900194906186340,101005,2020-08-19
74587196209078787,101006,
59976200208031752,101007,
38809196506029646,101008,2020-08-19
15561193206087278,101009,
66912196506108192,101010,
68447194002118774,101011,2020-09-05
80142194905172326,101012,
98137200906283160,101013,2020-08-13
15511193509157401,101014,2020-08-21
65179197809261587,101015,2020-09-02
87170197702183161,101016,2020-08-20
66286195001152736,101017,2020-08-29
75207195606089508,101018,
91022196404143917,101019,
99344197204249649,101020,2020-08-18
46697193107302210,101021,
76545194101317268,101022,2020-08-14
66768197811131997,101023,
40434200006133817,101024,
70550197706271134,101025,
73312196606251471,101026,
11679196301063322,101027,2020-08-23
61665196008243615,101028,2020-08-25
39136201209257014,101029,2020-08-17
96769198109196176,101030,
81950193808022649,101031,
33288201204194519,101032,2020-09-02
98817196209169029,101033,2020-08-29
15396196708085783,101034,2020-09-07
56228200610314641,101035,2020-08-17
88059200912086611,101036,
51686195504288012,101037,
38731198910301130,101038,
96182196407088668,101039,
69242197404233545,101040,
86760198107252209,101041,2020-08-29
33359193706144584,101042,2020-09-06
48294193602162532,101043,
63635198109258795,101044,
64861199102176825,101045,2020-09-06
50480195306192434,101046,2020-08-20
91944195305066865,101047,
37490196508229517,101048,2020-09-08
53642193304103854,101049,
76678199707257043,101050,
86242201707283859,101051,2020-09-04
15600193202243595,101052,
65406193505221951,101053,
85027200703294298,101054,2020-08-31
18981198103042113,101055,
99957198203191467,101056,2020-08-22
21417198703155593,101057,
62275197509185738,101058,
42084194211177777,101059,
37548195009124809,101060,2020-08-19
85131194702099010,101061,2020-08-29
62886201612295099,101062,
65410197706297895,101063,2020-08-26
18338193410154059,101064,
40034195501263459,101065,
81892196805051635,101066,
50514201710178969,101067,2020-08-30
56680200305057675,101068,
67764201111106188,101069,
55789196105265029,101070,2020-09-07
96780200611304222,101071,2020-08-21
48704200612237330,101072,
66757198709275338,101073,2020-09-04
78308194009083942,101074,
55853197011034296,101075,
86474199410287933,101076,
51905195809247437,101077,2020-09-13
52966194711101684,101078,
64075198205064105,101079,2020-08-28
77648196309089054,101080,
28183192109261183,101081,2020-08-28
52551200912258326,101082,
29512196906299750,101083,2020-09-10
49427197105279944,101084,2020-09-01
16735193405232737,101085,
62812194507177857,101086,
72271199805097250,101087,
78895195607019419,101088,
19016199208292240,101089,
39999197511138627,101090,
29687200603154822,101091,2020-08-24
51167200801204435,101092,2020-09-14
85607192710076470,101093,
55695200410296927,101094,2020-09-11
58934197010013680,101095,
59162200706016381,101096,2020-08-27
79405195604118486,101097,2020-09-13
44891201405012476,101098,
43912199309062141,101099,
45593194212188441,101100,
83526194005255622,101101,2020-09-03
52874193211135989,101102,
97160197212246147,101103,
94260197506012303,101104,2020-09-07
66390197604294725,101105,2020-08-22
22170194708137794,101106,2020-09-06
72656194808205528,101107,2020-09-14
34603197409238003,101108,
93384193702274860,101109,
67265194806234282,101110,
13620195905147923,101111,
78796196006102530,101112,
59522195405025467,101113,2020-09-09
76913196906191860,101114,
81279200208258944,101115,
21358201111168782,101116,
34549193310088015,101117,
35096198911304261,101118,
95886193601163861,101119,2020-09-09
66168197407118539,101120,
27654197411176990,101121,
54275195909244714,101122,
49484198705203161,101123,2020-09-01
69222193505014481,101124,
95016201912302589,101125,
76103197101312196,101126,
71041200109176564,101127,
78032201212183935,101128,
29188195607123073,101129,
76791201610087239,101130,2020-09-13
23523200903076246,101131,
33841196601027840,101132,
56692194706152716,101133,
68639200501035974,101134,2020-09-18
21588193310033630,101135,
63553200605061328,101136,
46075193609026385,101137,
81385196607308816,101138,2020-09-07
92985195811205630,101139,2020-08-27
78206198306128380,101140,
70954197411096106,101141,2020-09-04
48246196005154433,101142,
47227197205207454,101143,2020-09-18
16704199103109379,101144,2020-09-18
58371196404113326,101145,2020-09-20
58094196107153617,101146,2020-09-06
63891197509029377,101147,
17288196412216439,101148,2020-09-09
63920194810296637,101149,2020-09-04
56509198511174860,101150,
61463194510053855,101151,
90894195501247279,101152,2020-08-29
58794199304177176,101153,2020-08-30
57561200705187780,101154,2020-09-08
32519201702162007,101155,
88455197312094946,101156,
46984200111309907,101157,
51256200509282411,101158,
54781198308207463,101159,2020-09-17
46816195012156001,101160,
16072199806039161,101161,
89429201704307844,101162,2020-08-30
31059198711016808,101163,
83148196211241192,101164,2020-09-20
20937199208245959,101165,
13855200402023807,101166,2020-09-13
72944201003185010,101167,
21915196612302588,101168,
57135194001098623,101169,
28647193807244357,101170,
51008201001013756,101171,
98129194509125903,101172,
14237196402106559,101173,2020-09-15
94454195206215065,101174,
35808202004269911,101175,2020-09-14
14960197406087877,101176,2020-09-16
63192196911093671,101177,2020-09-22
71252194911012683,101178,2020-09-18
59831194002176260,101179,
92057200805149442,101180,2020-09-08
39894199402043134,101181,2020-09-05
49624198703066228,101182,
54117197407239412,101183,
74945192303078630,101184,
77044199501158406,101185,2020-09-16
36439199205129325,101186,2020-09-07
87931201908081740,101187,
52949194105047051,101188,2020-09-16
99355201209305677,101189,2020-09-16
18651198501313879,101190,
14366201201267360,101191,2020-09-22
68976201406199903,101192,
31258195511165182,101193,2020-09-11
83073199502175663,101194,
65058200102057935,101195,
13422195506183727,101196,
45829198103211184,101197,
45099195203286039,101198,
70008193706072365,101199,2020-09-03
31633193210287346,101200,
74227196811151177,101201,
83006201708139135,101202,
43439201303144920,101203,
72154195302104537,101204,
32722198607279297,101205,
56593201906083015,101206,
45390199909284488,101207,2020-09-05
84182200403264987,101208,2020-09-25
11545201604022862,101209,
28392198906169428,101210,
30844200004308350,101211,
51805197612241568,101212,
92025194709148137,101213,2020-09-06
52295197603227127,101214,
78081194507145466,101215,
38673195505278238,101216,
48645197904212282,101217,2020-09-21
53619199603256160,101218,2020-09-02
17869194510074530,101219,2020-09-27
13127197909155055,101220,
20826201912063603,101221,2020-09-05
13708202001305311,101222,
21898192801199538,101223,2020-09-19
64004196612169470,101224,2020-09-08
79303199303172330,101225,2020-09-25
37340193011161288,101226,
98971192305036133,101227,
94582193808163551,101228,
78164193503159132,101229,
11288200303018470,101230,
64021193802168704,101231,
75661196505295186,101232,
12130199609236528,101233,
91410197912203506,101234,
62132196807256838,101235,
42833197111018420,101236,2020-09-21
23558199209162984,101237,2020-09-08
50661200105032766,101238,2020-09-24
38368198707061230,101239,2020-09-20
36416195001058479,101240,
70107200807072794,101241,
68627192601271849,101242,
19170195709249957,101243,
59872199207153896,101244,2020-09-15
47294197105284478,101245,
83078195705124841,101246,2020-09-11
70486199308268692,101247,
84100196708036976,101248,
91558196309206301,101249,
98545192304107380,101250,
45135199904226448,101251,2020-09-26
61646200110118167,101252,2020-09-25
19260199509127384,101253,2020-09-22
30725194601122251,101254,2020-09-28
55905200907104320,101255,
70527201602135349,101256,
17135194311234819,101257,2020-09-26
35186193006116384,101258,2020-09-16
33631201511012364,101259,
14372198410036362,101260,
24324193109106687,101261,
46651197605215577,101262,
46520198003297141,101263,2020-10-01
91255197802194423,101264,
72336195006175253,101265,
13057199404028295,101266,
69207196001105744,101267,2020-09-23
44830197106198887,101268,
37394200310138409,101269,
35670195709182859,101270,2020-09-13
35509194302261151,101271,2020-09-13
90565201708282919,101272,2020-09-28
88164199111118399,101273,
60871194908018871,101274,
22750197003306360,101275,
17814193608129983,101276,
53665193907032499,101277,2020-09-09
64249201907174620,101278,
29173197008243049,101279,2020-10-01
85768200811204364,101280,
55521194309047674,101281,2020-09-16
23586198402212740,101282,2020-09-10
57130196409135065,101283,
71956193908204066,101284,
81473194211034121,101285,2020-10-01
90398202008228112,101286,
47345195112247045,101287,2020-09-23
99693193510265579,101288,
70428195612111634,101289,
97331194104282137,101290,2020-09-30
22507200810149268,101291,
81582198503057278,101292,2020-09-30
61709193511203558,101293,
28174195505215735,101294,
54426194509045008,101295,
25139193304065762,101296,
48767196309041183,101297,2020-09-26
15898198410127102,101298,2020-09-21
35221200704154114,101299,2020-09-18
30385196906157844,101300,
17625195910067706,101301,
58115201102093395,101302,2020-09-29
25004196809178199,101303,
27573194707023945,101304,
88347193108208724,101305,
34963200307057384,101306,
48276198904298424,101307,
65162196009245623,101308,2020-09-23
27285195604181366,101309,2020-09-16
28586195111262230,101310,
98847201712224854,101311,2020-09-29
76395201908295697,101312,2020-09-26
31978195102139926,101313,2020-09-24
25665194506029077,101314,
29946201603224531,101315,2020-09-26
19428197704152767,101316,
40096199701171325,101317,
46332196103195147,101318,2020-10-02
13637195210285583,101319,
41551194401228084,101320,
52401197307212311,101321,2020-09-24
25604200805213138,101322,
86415199804056490,101323,
79612196902068812,101324,2020-09-27
99337195412132293,101325,
97207193801127565,101326,
25803194711212549,101327,
80125201511288883,101328,
91210195701031000,101329,2020-10-06
46660193304152245,101330,
94120195310206190,101331,2020-10-03
42159194405071907,101332,
20224201807021360,101333,2020-09-24
20810201210255482,101334,
41344199412095978,101335,
49879201205031760,101336,2020-10-01
12795197304205362,101337,2020-09-29
66604193410241071,101338,2020-09-15
11713200505222329,101339,2020-09-21
18006198905238971,101340,2020-10-02
16384197008306915,101341,
72124196804189097,101342,
89554194805014796,101343,
79938199807211550,101344,
93187197802021462,101345,2020-10-01
12646194508215351,101346,2020-10-01
92910194410144481,101347,
59559199311252361,101348,2020-10-01
73225194712028798,101349,2020-09-25
81873200001173947,101350,
86927198001315845,101351,
76970195701269157,101352,
97992197603273941,101353,2020-10-06
55529199601094933,101354,2020-09-16
23491198908135020,101355,2020-10-10
22615200406235439,101356,2020-09-19
83031198905101010,101357,
99941195607293750,101358,2020-10-04
94358199301068942,101359,2020-09-25
86052198707266384,101360,2020-10-04
74348194702105108,101361,
91570194904121751,101362,2020-10-02
10377196702061435,101363,2020-10-05
59214195307139081,101364,
26968197112075213,101365,
65737201412128368,101366,2020-09-26
49863193204192213,101367,
69998201006111706,101368,
54401199308266290,101369,2020-10-11
67252193811135735,101370,
16250200605155810,101371,
61444194206205678,101372,2020-10-05
30606193903225158,101373,2020-10-08
68957198706064325,101374,2020-10-12
50991195110163632,101375,2020-09-27
66925201411162126,101376,
90593194901047995,101377,
53178197702166811,101378,
66511193510065395,101379,
48772193111071928,101380,2020-10-11
48450192205154674,101381,2020-09-29
85448193112137023,101382,2020-10-03
29823197910254575,101383,2020-09-21
70879197206052786,101384,
10234202001281452,101385,
18207201803137457,101386,2020-09-23
71084197103104550,101387,2020-09-28
28972199206259166,101388,
46064195406244959,101389,2020-09-20
92530200811091896,101390,
30029196307285700,101391,
21164195007216981,101392,
76588198507021719,101393,
80928201510174104,101394,
22844198704232446,101395,
41552197501176162,101396,2020-09-30
49687200312259910,101397,
51291196907111788,101398,
70084194212202775,101399,2020-09-27
70303194906277393,101400,2020-10-07
30956196808056090,101401,
15054200802284129,101402,2020-09-29
15992195408178052,101403,2020-10-07
15837201007054168,101404,
10783199101011014,101405,
66757194808163861,101406,
56401196304029772,101407,
70077196310131808,101408,2020-10-03
62212200011209295,101409,2020-10-02
39281201710064275,101410,2020-10-12
95193192407063244,101411,2020-09-25
64672198003208652,101412,
70034199910019519,101413,
36287196406146484,101414,2020-10-09
83428193604225281,101415,2020-09-24
59702199711189817,101416,2020-10-16
60133199507277425,101417,
94349198910195717,101418,2020-09-28
61327192311068488,101419,
35106194702277274,101420,
99572194103042293,101421,2020-09-23
69581194612295972,101422,2020-10-06
36014193709276130,101423,
80287198011017757,101424,2020-10-07
58998196706062224,101425,
81140201101256831,101426,
84536196301129192,101427,2020-10-16
87215201607085752,101428,
33084197609204080,101429,
11595196611069591,101430,2020-09-27
52812201209226650,101431,
56997197104119369,101432,
16707195801173850,101433,
48432199409253807,101434,
39283195011151603,101435,2020-10-09
21713196009058930,101436,2020-09-30
27400194309089944,101437,2020-10-15
91964195311198979,101438,
67455200612246220,101439,2020-09-28
92780200810026201,101440,
87297196508242006,101441,
25336200708242631,101442,
73529197010093257,101443,
87300198810297281,101444,2020-10-04
40178196911083866,101445,2020-10-10
86313201305318954,101446,2020-10-05
66647193204307610,101447,
53203199006192680,101448,2020-10-13
45973200803127000,101449,
34209201208021568,101450,2020-10-10
82896197802152238,101451,
59252195502229808,101452,2020-10-17
34739196502124497,101453,
18813193506253407,101454,
45894200704029359,101455,
69911200012042241,101456,
22153198709038618,101457,
66598195903112640,101458,2020-10-11
82503195505217582,101459,
95957201102187170,101460,
91069194801181001,101461,
13013199002053852,101462,
82405201203137020,101463,
64357198109107543,101464,
73637199312186025,101465,
63194192101127474,101466,
26264196811049279,101467,
31407199709115673,101468,
41412196509075398,101469,2020-10-21
67104193209291048,101470,2020-10-22
68326193204242941,101471,2020-10-05
95304193901161359,101472,
96745193901021655,101473,
22096198203114931,101474,2020-10-14
44211200304173297,101475,2020-10-16
52874193408284524,101476,
68675196606132614,101477,
60936197602027603,101478,2020-10-14
74687195506197576,101479,
35619200406163186,101480,2020-10-02
53329194708106490,101481,
35715195607064816,101482,2020-10-16
19471197104193229,101483,2020-10-21
29004195702031637,101484,2020-10-09
46123200010305976,101485,2020-10-01
53207194508101957,101486,
67853197101256850,101487,
13477201206196927,101488,2020-10-13
30032199005077116,101489,
86903201401221622,101490,
98142192007185185,101491,2020-10-20
82628196807024166,101492,
77132200902056638,101493,
24562200511112413,101494,2020-10-09
22179193302259281,101495,
14825195402037060,101496,2020-10-07
69846199608196161,101497,
20085194709088645,101498,2020-10-03
19290194504146395,101499,
11191193601031252,101500,
98322199203218840,101501,
84811200406025823,101502,
91888198504184706,101503,2020-10-18
31298195403202638,101504,
58277193408164490,101505,2020-10-22
36940197502116589,101506,2020-10-01
10136194410095879,101507,2020-10-15
55255197204251289,101508,
50263193710309250,101509,
44530200201287462,101510,2020-10-24
73596201203142870,101511,
26068197902032776,101512,2020-10-06
32376194608296050,101513,
99151198502286845,101514,2020-10-07
34724201501026885,101515,
31306196101218207,101516,
10701199607036676,101517,2020-10-10
84035199211215772,101518,2020-10-06
89140201509147453,101519,
41900193602199098,101520,2020-10-16
13047197709093800,101521,2020-10-03
98184196009214461,101522,2020-10-03
61760193306295304,101523,2020-10-23
19124199803114860,101524,
74355194004132924,101525,2020-10-19
18916194210043267,101526,
66463193104069659,101527,
55235193411232730,101528,
26965199208306410,101529,2020-10-11
79043195512111028,101530,2020-10-27
92578197012215452,101531,2020-10-12
81130194111218400,101532,
44195201710285298,101533,
10878202001209436,101534,2020-10-06
77039201901137518,101535,2020-10-15
19849198104162224,101536,2020-10-25
84294195907155855,101537,2020-10-11
25932198803135064,101538,
62894201807149648,101539,
48514192708074387,101540,2020-10-29
71642198905265579,101541,
83497193712164956,101542,2020-10-09
50567193102089674,101543,2020-10-14
47003201803308184,101544,
27843197310133964,101545,
13108193401031768,101546,2020-10-17
52591199007157119,101547,2020-10-11
53928193112049462,101548,
60370201312017600,101549,
11315201206065308,101550,2020-10-24
30488197909156054,101551,2020-10-16
91261196209085627,101552,2020-10-24
42060201606136225,101553,
37372196505193138,101554,
94506193408196507,101555,
73567196303165545,101556,
39124201210273497,101557,
72437195504165628,101558,
86308197005179604,101559,2020-10-19
21386197609289299,101560,2020-10-18
15874197808224132,101561,2020-10-29
79899199605097862,101562,
83565201803236835,101563,2020-10-08
53800194508285751,101564,2020-10-25
34728193806142291,101565,2020-10-08
11676196201218136,101566,
73974198303271285,101567,
75160195609143728,101568,2020-10-28
43582200606179555,101569,
94052201011048423,101570,
56575197710121412,101571,2020-10-24
36335193805048843,101572,
58791195503023678,101573,2020-10-23
67532199607257295,101574,2020-11-01
57853201003036695,101575,2020-10-29
23515198607125072,101576,
59004198910271018,101577,2020-10-31
68774201802115907,101578,2020-10-13
62426201110255474,101579,2020-10-28
25510199201065003,101580,2020-10-20
43468196403231555,101581,2020-10-28
69449201704246032,101582,2020-10-20
40060198912069094,101583,
74674201409035527,101584,
52848197008304359,101585,2020-10-20
25396193303082667,101586,2020-10-31
26151200307275336,101587,
28686200810207294,101588,2020-10-12
14391196906228926,101589,
82327200911088017,101590,
57343194403016176,101591,
92976196409045969,101592,
40410195411297704,101593,2020-10-28
35682201312176616,101594,
56524200308045843,101595,2020-10-20
53988200808186306,101596,
74556194704135292,101597,
34495194111154616,101598,2020-10-24
92002194012093010,101599,
60245195312282461,101600,
14580193412114726,101601,2020-10-12
70217196911255957,101602,2020-10-13
59708199404291409,101603,2020-10-13
39476198108037880,101604,
65857195205293929,101605,
10644194810121370,101606,2020-10-28
96200196709049511,101607,2020-10-14
14868195304153907,101608,
35559197402269987,101609,
21199201912102234,101610,
21366201408309907,101611,
54934197108135360,101612,
27335194109161999,101613,2020-10-13
62528198711015897,101614,
25325195406286108,101615,2020-11-04
59036196609012048,101616,
87062198812177388,101617,2020-10-26
92113195301262540,101618,2020-10-27
64186197901235660,101619,
18978196903012288,101620,2020-10-13
73176198108265706,101621,
20905197512042346,101622,2020-10-31
13365199709161706,101623,
21693193108108449,101624,2020-10-20
92277196808208676,101625,
36136196603266224,101626,2020-10-20
72326201305309368,101627,2020-11-05
78479196508111936,101628,
59644201705183945,101629,
50535197612255898,101630,
64150194208012013,101631,2020-11-02
55116202009213394,101632,
77427201905232797,101633,2020-10-28
27088201904216749,101634,
17230201711148135,101635,
48020197212317449,101636,2020-10-25
39279199306244875,101637,2020-10-24
21660193002062378,101638,2020-10-20
57562192804163676,101639,
64702201404138934,101640,2020-11-02
34296196803057069,101641,
74154199612137288,101642,2020-10-28
87618194406255347,101643,
49200195812306484,101644,2020-10-24
41220194304166546,101645,2020-10-28
16627201807199760,101646,
39998192206292230,101647,2020-11-09
53313194502288416,101648,
88910198306034897,101649,2020-10-18
57227195701311515,101650,
16328201702249187,101651,
52346201607161904,101652,
23058193207202399,101653,
39641201503092298,101654,2020-10-24
20114201905269896,101655,2020-10-19
77196201410188898,101656,
69610200811028504,101657,2020-11-07
75922199001193321,101658,2020-11-04
17030194904112033,101659,2020-10-27
22352199903121083,101660,
55696197509224042,101661,
88178196403306963,101662,2020-10-24
20140201903134348,101663,2020-10-27
86113194209042013,101664,2020-11-10
41587199906308608,101665,
79290193407062377,101666,2020-11-11
85112193308114841,101667,2020-11-08
80350195201232313,101668,
15857198304145395,101669,
50824196104253787,101670,
12094194809015577,101671,2020-10-27
10568197806241336,101672,
65025196412016253,101673,
93847199509233905,101674,2020-10-29
95611193503276321,101675,
75832192906166282,101676,
45519194401144524,101677,2020-11-08
75990197107243759,101678,2020-11-06
96322193112255207,101679,
36872201205085287,101680,
59799192812318803,101681,2020-10-21
77587197110235122,101682,2020-10-20
15775196006181264,101683,2020-11-07
99862195107132631,101684,
45701198311047152,101685,
25916197105125018,101686,
27503198306032522,101687,
56237193908193850,101688,
61281198607174002,101689,2020-10-23
91884193704059237,101690,
24450199409262366,101691,2020-11-01
15119195908194136,101692,
30604196309138922,101693,
82660200709277000,101694,2020-11-05
49122198212203343,101695,
59191192504258915,101696,2020-10-31
73586199008115191,101697,
47152200608093593,101698,
96123194901109104,101699,
56394196207224511,101700,2020-11-03
36659197212096511,101701,
83793196406301759,101702,
19843197910113426,101703,
26681193404203472,101704,
27994198804013153,101705,
10334194311057061,101706,2020-11-08
41035198709168666,101707,
24539200202087104,101708,
93037198107177290,101709,2020-11-06
43989196801169283,101710,
30276199407026168,101711,2020-11-14
99051200809252248,101712,
44061194507157926,101713,2020-11-08
59730199207165865,101714,2020-10-28
96236195303093234,101715,2020-10-24
60021198406158798,101716,
13386198505067531,101717,
64057198406212735,101718,
74229196110159440,101719,
38032195103256317,101720,2020-11-12
64327199601269935,101721,
55898198004276561,101722,2020-11-16
21077201201131848,101723,2020-11-14
37203198111257758,101724,2020-11-02
43427197404281673,101725,
23975196905101659,101726,
71740200908104897,101727,2020-11-13
52838199803058467,101728,2020-10-26
77605200908209004,101729,2020-10-25
16908194801101708,101730,
78523201204204206,101731,
26512198405027320,101732,
73719195802195000,101733,
49294199805072508,101734,
18073194603232782,101735,
57708196112023249,101736,2020-11-19
47087196904191320,101737,2020-11-19
68497195405167670,101738,
68299197811294772,101739,2020-11-14
19179195405086963,101740,
18603198802225392,101741,
40217198408199012,101742,2020-11-03
83547199106126980,101743,2020-11-03
88173196001177413,101744,2020-11-13
59576200603227723,101745,2020-11-17
94193200009148922,101746,2020-11-08
35607202004284185,101747,2020-11-06
64539202005082478,101748,2020-10-28
63625195706282521,101749,
87477201503121282,101750,2020-11-02
44506200712184846,101751,
61342197002215544,101752,2020-11-09
47599198804024861,101753,
10278201012161245,101754,
98890195612283004,101755,
28578194611067241,101756,2020-11-18
88210200001133734,101757,
61860196807268749,101758,2020-10-29
27054193303127889,101759,2020-11-15
12231194310081771,101760,2020-11-07
69678198711295542,101761,2020-10-28
45032193903312222,101762,
86307199802274855,101763,
11872195411264703,101764,2020-11-13
69843201702199128,101765,2020-11-04
61133196607129540,101766,
21098195610289840,101767,
22976196811138656,101768,2020-11-17
54158194503027981,101769,2020-11-04
76746199505287884,101770,2020-11-10
13803199907076379,101771,
44430195808212362,101772,2020-11-19
40402193608317615,101773,
38489193605278942,101774,
44904196812209109,101775,2020-10-29
32358196512189141,101776,2020-11-18
69863199412258294,101777,
19649200906176805,101778,
57867201303094686,101779,2020-11-05
95846194804133181,101780,2020-11-18
99066200207316373,101781,2020-11-13
99923198005186988,101782,2020-11-19
87145198210252367,101783,
52780198011128423,101784,2020-11-12
74080197902019918,101785,2020-11-18
80128201910095075,101786,
15700196906263739,101787,2020-11-24
57091192904117905,101788,
80341201205098998,101789,
61706194708122089,101790,
83819201105156393,101791,
53318197610221854,101792,2020-11-22
78581201703135990,101793,
32151194603286073,101794,2020-11-03
30904197408038545,101795,
11004195606177513,101796,2020-11-16
15653196605282392,101797,
44263194208116276,101798,
12978197608158831,101799,
49685195907165821,101800,
93918199509207732,101801,
16937198308157456,101802,2020-11-18
31418200409264747,101803,
75688195907166215,101804,2020-11-10
60887196505048734,101805,
97703192410103978,101806,2020-11-20
62221201605157303,101807,
79127197508187478,101808,2020-11-20
54542200211141811,101809,2020-11-11
89102201401151996,101810,2020-11-24
62784197010229193,101811,2020-11-22
87470195510031789,101812,
38830197601051384,101813,2020-11-16
55668195704178107,101814,
66735197103268014,101815,
42749200909192322,101816,2020-11-19
81589194509068577,101817,
45804193507067574,101818,
42916198112114451,101819,2020-11-13
63704196103183101,101820,
93685193611124098,101821,
99057198510179422,101822,2020-11-07
39186198008048465,101823,
90388197504292062,101824,2020-11-06
69920200512045520,101825,
85397201708073140,101826,
37088194807209829,101827,2020-11-22
84131196204283413,101828,2020-11-21
69477195102013834,101829,2020-11-05
92208198407145079,101830,2020-11-09
51813201408257002,101831,
39570200902059140,101832,2020-11-13
52437195004126499,101833,
24960197607261882,101834,2020-11-27
33975198304184739,101835,2020-11-12
88069192802076596,101836,2020-11-28
88244201310075920,101837,2020-11-07
35376195209203419,101838,
69430195306134722,101839,2020-11-11
65491195203257087,101840,2020-11-18
46757197908301999,101841,
27131195106183326,101842,
32515194504309339,101843,2020-11-13
38441200610167833,101844,2020-11-14
83543192401088526,101845,
82368197610113181,101846,
91929199003032839,101847,
42118195103211898,101848,
